00001,北京大学附属中学改革实践：让梦想自由飞翔
00002,中关村一小学生亲密接触智能“小胖”
00003,北京四中开年大戏上演音乐剧《我，堂吉诃德》
00004,猜灯谜成北京市朝阳区劲松第四小学期末考试
00005,白家庄小学《桃花源新记》展课程学习成果
00006,上海市市北中学：点燃学生头脑的“火把”
00007,村小来了个“搜老师”
00008,黄胄艺术实验小学家校互动培养学生读书习惯
00009,北京景山学校：QQ群视频教学 雾霾天停课不停学
00010,中国人民大学附属中学与高校专家对话宪法日
00011,湖南石门“围殴辱骂女学生”事件主犯被刑拘
00012,河南郑州第二中学：全方位开放办学这六年
00013,北京大兴实验小学：家长学校“菜单点课”
00014,中关村一小：家长进校园与孩子共上一节好课
00015,浙江遂昌实验小学：创作创意绘本《牡丹亭》
00016,中关村二小校长：“学校始终认为此事并非霸凌”
00017,南京数十名小学生呕吐腹泻系诺如病毒感染
00018,上海市吴淞中学：为每位学生“按需定制”课程
00019,飘进校园的文学味道
00020,北京回民实验小学：戏剧进校园 四课育“四美”
00021,山东淄博实验中学：足球在这里安了“家”
00022,小学师生编排音乐剧舞台剧《五色花的秘密》
00023,深圳：600项探究性小课题被中小学生“承包”
00024,交通安全魔法箱将“飞”进农村小学课堂
00025,黑龙江省七台河市75名学生患感染性胃肠疾病
00026,台州市第一中学：让科技创新教育更接地气
00027,宁波市北仑区淮河小学：北仑课改“再发力”
00028,北京市第十二中学：学农活动学出课改新思路
00029,浙江严州中学梅城校区：用课程联结乡村生活
00030,铸“红烛先锋”党建品牌 发挥党员教师模范作用
00031,华东师大一附中：英语听说测试促进课堂变革
00032,夜宿村小话变迁
00033,西安高新一中初中校区获全国校园展评会多个奖项
00034,郑州工人第一新村小学：魅力科普助力想象力教育
00035,"成都双林小学：从""9""到""5""，减法背后的学科融合"
00036,重庆市万州区岩口复兴学校：这里，四季花香萦绕
00037,浙江常山芳村小学：陪学生走回家用爱照亮放学路
00038,我国首颗中学生参与研制卫星升空
00039,江苏聚亨路小学“跨越时空的课堂”助力教育援疆
00040,北京育才学校：一所学校的文化记忆
00041,上海市第四中学：学子爱上“中西商学”
00042,江西于都五中：体验式德育让学生“脱胎换骨”
00043,海淀实验小学：“教研公约”为学校注入学术基因
00044,苏州金通幼儿园：小班的“果蔬店”开业了
00045,深圳：检察官为光明新区万名学生上“法制课”
00046,海淀枫丹实验小学：名人名字当班名培养自信少年
00047,中央民族大学附中丰台实验学校：将农事搬进课堂
00048,灯市口小学：一把剪刀一张纸 学生学艺变高手
00049,北京十八中西马校区：“游”出课改新景象
00050,变“废”为宝
00051,浙江江山城南小学：成就“追风少年”的足球梦
00052,杭州市西湖区幼儿园：家长开放日不走老套路
00053,浙江佛堂小学：征集“家规家训”家风文化代代传
00054,北京市第一七一中学：语文课走进故宫博物院
00055,北京二十中附属实验学校；航天课程“走俏”校园
00056,青岛寿光路小学“荣耀尚雅圆梦”喜迎70华诞
00057,首都经贸大学附属中学：国粹在课堂“生根”
00058,延庆第五中学和京师文化培训学校合办航空特色班
00059,北京80中温榆河分校：培养“现代绅士淑女”
00060,北京邮电大学附属小学正式挂牌
00061,北京市第五十中学：京腔京艺”话“金帆”
00062,北京史家小学通州分校：陕北民歌唱进校园
00063,娄山关红军小学：这里，学生“不爱红妆爱红装”
00064,北大附属嘉兴实验学校开校典礼：放飞爱与梦想
00065,北京市海淀区实验小学：“长征永远在路上”
00066,安徽安庆罗岭中心校：架起家校互通的“彩虹桥”
00067,山东省聊城市莘县实验高中：无分试卷受师生欢迎
00068,北京育才学校大兴分校：萌娃“重走”长征路
00069,北京东城区金台书院小学：学生体验首善课程
00070,校园因你而精彩
00071,甘肃高台国庆小学：“剪”出童趣 心“花”怒放
00072,学在农村 美在农村 乡村文明在这里“争奇斗艳”
00073,急救技能大比拼
00074,舟山南海实验中学：爱心午餐情满碧海“蓝天”
00075,宁波市北仑区淮河小学:开学第一周，我们不上课
00076,业内大拿成北京四中科技实验班授课教师
00077,舞蹈表演
00078,爱惜粮食 从娃娃抓起
00079,一所示范性高中的变与不变
00080,深圳市南山区后海小学：竖版地图亮相校园
00081,金华师范学校附属小学：“十会”开启小学之门
00082,宁波镇海中学：学生创办网络脱口秀为00后代言
00083,杭州丹枫实验小学：启用午睡室孩子不再趴桌睡觉
00084,绍兴市上虞区盖北镇小：青笛唤醒学生音乐潜能
00085,北京十二中附小：正式开启学生适性课程
00086,北京市劲松四小：节气进课表 学科整合传文化
00087,北师大朝阳附属小学：体育课程搬进奥森公园
00088,北京：食品安全监督管理 校长负责制贵在落实
00089,杭州市源清中学与拉萨那曲高中结为友好学校
00090,浙江浦江：成立小学足球联盟 促进校园足球普及
00091,上海闵行三中：普通中学如何成为航天特色学校
00092,家庭安全小品秀：把“安全”烙进孩子、家长心里
00093,长沙11中：“二批”录取校成了百姓眼中的一流校
00094,山东省莘县二中：信息技术染绿“戈壁”
00095,十年，留在山路上的歌
00096,湖南道县奔塘小学：偏僻的村小 一师一校20年
00097,小学生给老师送特殊礼物:小鬼当家一天 备课授课
00098,让孩子们在真实的“实践场”中感知文化的魅力
00099,丰台五小:紧扣核心价值观 助力新学期起航
00100,丰台一小庆祝第32个教师节暨微创新奖表彰大会
00101,新疆巴州二中：打造升级版“新生军训实践营”
